ID,Locality,lat,long,freqHCN,freqAc,freqLi,Mean winter temp.,N,Time sampled,Country,Continent,Hemisphere,Data provenance,Year of collection
27,Kyoto,35.01678,135.58803,0.5208333333333334,0.521286446121831,0.44098300562505255,2.5800000190734864,48,Contemporary,Japan,Asia,North,Present study,2018
28,Hiroshima,34.38309,132.4581,0.475,0.6127016653792583,0.31079756239548895,4.1600000858306885,40,Contemporary,Japan,Asia,North,Present study,2018
29,Hiroshima,34.53772,132.52475,0.3541666666666667,0.5435645354123615,0.2783121635129677,2.3400000810623167,48,Contemporary,Japan,Asia,North,Present study,2018
30,Awaji Island,34.58295,135.0173,0.21428571428571427,0.6220355269907728,0.15484574527148343,5.020000076293945,14,Contemporary,Japan,Asia,North,Present study,2018
31,Nahari,33.36836,134.05797,0.8372093023255814,0.8475014296673953,0.6264563161811858,7.100000095367432,43,Contemporary,Japan,Asia,North,Present study,2018
32,Konan,33.55101,133.73491,0.775,1,0.5256583509747431,2.9000000238418577,40,Contemporary,Japan,Asia,North,Present study,2018
33,Otoyo,33.77164,133.65277,0.8125,0.6772513878160487,0.6181186920870133,2.9000000238418577,48,Contemporary,Japan,Asia,North,Present study,2018
34,Zentsuji,34.21963,133.77861,0,0.7226499018873854,0,5.300000095367432,13,Contemporary,Japan,Asia,North,Present study,2018
36,Kyoto,35.07452,135.76575,0.6666666666666666,1,0.42264973081037427,2.5800000190734864,15,Contemporary,Japan,Asia,North,Present study,2018
38,Nishi-Oyama,31.19172,130.57834,0.8571428571428571,1,0.6220355269907728,8.460000324249268,14,Contemporary,Japan,Asia,North,Present study,2018
40,Yamagawaokachiyogamizu,31.17523,130.59019,0.8648648648648649,0.8356010126946427,0.6666666666666667,8.460000324249268,37,Contemporary,Japan,Asia,North,Present study,2018
41,Kumamoto,32.79179,130.69621,0.3541666666666667,0.47958350013346684,0.23623738417402662,4.66000018119812,48,Contemporary,Japan,Asia,North,Present study,2018
42,Kumamoto,32.88171,130.74734,0.275,0.6464466094067263,0.20943058495790512,4.66000018119812,40,Contemporary,Japan,Asia,North,Present study,2018
43,Izumi,32.08979,130.35683,1,1,1,6.980000114440918,14,Contemporary,Japan,Asia,North,Present study,2018
44,Kagoshima,31.58501,130.54626,0.42592592592592593,0.54866453307578,0.2928932188134524,6.2000000953674315,54,Contemporary,Japan,Asia,North,Present study,2018
45,Kirishima,31.80088,130.7148,0.5416666666666666,0.47958350013346684,0.44098300562505255,6.2000000953674315,48,Contemporary,Japan,Asia,North,Present study,2018
46,Obama,35.50039,135.7372,0.7291666666666666,0.75,0.5,3.480000066757202,48,Contemporary,Japan,Asia,North,Present study,2018
47,Sakajiri,35.62166,135.96698,0.4583333333333333,0.521286446121831,0.3545027756320972,3.480000066757202,48,Contemporary,Japan,Asia,North,Present study,2018
48,Hakodate,41.77472,140.7298,0.08333333333333333,0.25,0.17084380241115005,-3.200000023841858,48,Contemporary,Japan,Asia,North,Present study,2018
50,Sapporo,43.10601,141.40253,0.36363636363636365,1,0.2022759647825344,-5.400000143051147,11,Contemporary,Japan,Asia,North,Present study,2018
51,Sapporo,43.08765,141.42136,0.16666666666666666,0.2227184122425988,0.15837458846982677,-5.400000143051147,48,Contemporary,Japan,Asia,North,Present study,2018
52,Sendai,38.25701,140.86641,0.025,0.14853068170368,0.07804555427071125,-1.240000021457672,40,Contemporary,Japan,Asia,North,Present study,2018
53,Sendai,38.14228,140.88191,0.2127659574468085,0.45422317709018467,0.18785809855351854,-1.240000021457672,47,Contemporary,Japan,Asia,North,Present study,2018
54,Tokyo,35.675233,139.756976,0.20833333333333334,0.32299679961367,0.20943058495790512,4.720000123977661,48,Contemporary,Japan,Asia,North,Present study,2018
55,Tokyo,35.678104,139.809394,0.1875,0.5,0.12202885392893836,4.720000123977661,48,Contemporary,Japan,Asia,North,Present study,2018
165,Hokkaido,44.331298,142.452619,0.275,0.4522774424948339,0.241712455594845,-8.260000228881836,40,Contemporary,Japan,Asia,North,Present study,2018
102,Ruprechtshofen,48.132969,15.276226,0.17647058823529413,0.2140947520066242,0.1425070742874558,-0.9600000023841858,34,Contemporary,Austria,Europe,North,Present study,2018
106,Melk,48.218928,15.348284,0.1,0.2583801512904337,0.19377422517014498,-0.9600000023841858,40,Contemporary,Austria,Europe,North,Present study,2018
81,Brussels,51.04094,4.32943,0.09090909090909091,0.23129388521419258,0.09546596626670911,4.400000190734863,44,Contemporary,Belgium,Europe,North,Present study,2018
130,Liege,50.655972,5.712493,0.4375,0.7113248654051871,0.2783121635129677,3.4000001192092895,48,Contemporary,Belgium,Europe,North,Present study,2018
96,Prague,50.08782,14.445702,0.05,0.14853068170368,0.025320565519103666,-0.7400000095367432,40,Contemporary,Czech Republic,Europe,North,Present study,2018
91,Odum,56.31104,10.13438,0.6904761904761905,0.7327387580875756,0.488233684280841,0.6400000065565109,42,Contemporary,Denmark,Europe,North,Present study,2018
93,Aalborg,56.95156,9.86449,0.15,0.2583801512904337,0.09170489377075253,0.31999998092651366,40,Contemporary,Denmark,Europe,North,Present study,2018
64,La Rochelle,46.15433,-1.14873,0.8947368421052632,1,0.6755571577384749,7.160000038146973,38,Contemporary,France,Europe,North,Present study,2018
68,Finistere,48.16123,-4.04052,0.8125,0.7958758547680684,0.6181186920870133,7.300000190734863,48,Contemporary,France,Europe,North,Present study,2018
69,St Brieuc,48.31056,-3.15612,0.9,1,0.683772233983162,6.760000133514405,30,Contemporary,France,Europe,North,Present study,2018
72,Valognes,49.49704,-1.46699,0.9512195121951219,1,0.779136947850307,6.540000057220459,41,Contemporary,France,Europe,North,Present study,2018
77,Paris,49.055,2.54941,0.525,0.726138721247417,0.3291796067500631,4.960000038146973,40,Contemporary,France,Europe,North,Present study,2018
133,Reims,49.268921,4.070319,0.08333333333333333,0.5,0.072039272861663,3.640000057220459,36,Contemporary,France,Europe,North,Present study,2018
135,Troyes,48.410754,4.144326,0.28888888888888886,0.3502137103460691,0.26970325665977857,3.8799999713897706,45,Contemporary,France,Europe,North,Present study,2018
138,Auxerre,47.85098,3.605826,0.6060606060606061,0.8259223440443022,0.37235408553915217,4.100000119209289,33,Contemporary,France,Europe,North,Present study,2018
140,Nevers,47.088688,3.087417,0.725,0.841886116991581,0.5,3.920000159740448,40,Contemporary,France,Europe,North,Present study,2018
142,Chateau-Chinon,47.040579,4.00903,0.475,0.4083920216900384,0.429912287450431,2.38000009059906,40,Contemporary,France,Europe,North,Present study,2018
144,Autun,46.940413,4.309688,1,1,1,2.860000042617321,9,Contemporary,France,Europe,North,Present study,2018
146,Beaune,47.073542,4.892232,0.65,0.683772233983162,0.4755955759149242,2.7600001215934755,40,Contemporary,France,Europe,North,Present study,2018
149,Dijon,47.236496,4.984809,0.358974358974359,0.4936303164581667,0.2566080583249718,2.7600001215934755,39,Contemporary,France,Europe,North,Present study,2018
150,Lyon,45.902687,4.728565,0.2608695652173913,0.5337475958798431,0.27768488148538484,3.1400001406669618,23,Contemporary,France,Europe,North,Present study,2018
154,Clermont-Ferrand,45.660379,3.15217,0.6222222222222222,0.6348516283298893,0.40371520600005606,3.400000011920929,45,Contemporary,France,Europe,North,Present study,2018
88,Scheessel,53.20681,9.53416,0.08333333333333333,0.25,0.06458565330651467,1.4600000500679016,48,Contemporary,Germany,Europe,North,Present study,2018
100,Straubing,48.870563,12.56462,0.4523809523809524,0.4023856953328032,0.38278660015163235,-0.819999971985817,42,Contemporary,Germany,Europe,North,Present study,2018
101,Straubing,48.880591,12.542115,0.5,0.2928932188134524,0.2928932188134524,-0.819999971985817,12,Contemporary,Germany,Europe,North,Present study,2018
122,Hohenheim,48.726018,9.212016,0.8541666666666666,0.7958758547680684,0.6772513878160487,1.0399999856948852,48,Contemporary,Germany,Europe,North,Present study,2018
124,Frankfurt,50.126301,8.662256,0.08888888888888889,0.33333333333333337,0.08106341652731852,1.1600000023841859,45,Contemporary,Germany,Europe,North,Present study,2018
126,Giessen,50.589361,8.68313,0.06666666666666667,0.2254033307585166,0.033908216920704115,0.7599999994039536,15,Contemporary,Germany,Europe,North,Present study,2018
127,Cologne,50.951822,7.31839,0.3783783783783784,0.5,0.2546440075000701,2.660000038146973,37,Contemporary,Germany,Europe,North,Present study,2018
105,Mosonmagyarovar,47.859637,17.270232,0.025,0.012579117093425074,0.012579117093425074,0.23999993354082108,40,Contemporary,Hungary,Europe,North,Present study,2018
108,San Daniele del Fruili,46.143203,13.050528,0,0,0,-0.12000002115964889,25,Contemporary,Italy,Europe,North,Present study,2018
110,Milan,45.517448,9.162487,0.3023255813953488,0.3352741428857464,0.17877006590653144,2.4799999833106994,43,Contemporary,Italy,Europe,North,Present study,2018
119,Schaanwald,47.212149,9.563405,0.3,0.3291796067500631,0.2928932188134524,-1.6200000047683716,40,Contemporary,Liechtenstein,Europe,North,Present study,2018
82,Breda,51.56873,4.76064,0.275,0.2254033307585166,0.31079756239548895,4.140000104904175,40,Contemporary,Netherlands,Europe,North,Present study,2018
84,Groningen,53.03032,6.02198,0.020833333333333332,0.32299679961367,0.031754163448145745,2.940000033378601,48,Contemporary,Netherlands,Europe,North,Present study,2018
56,Granada,37.16702,-3.59729,0.9545454545454546,0.7867992836443896,1,7.480000019073486,44,Contemporary,Spain,Europe,North,Present study,2018
58,Granada,37.16437,-3.60014,0.8372093023255814,0.7843344535931231,0.6590028302647633,7.480000019073486,43,Contemporary,Spain,Europe,North,Present study,2018
59,Salamanca,40.979543,-5.666728,0.5,0.6220355269907728,0.3637909897196482,5.080000209808349,42,Contemporary,Spain,Europe,North,Present study,2018
61,La Coruna,43.34161,-8.40688,0.8888888888888888,1,0.6666666666666667,9.360000038146973,45,Contemporary,Spain,Europe,North,Present study,2018
62,San Sebastian,43.307686,-1.954925,0.95,1,0.7763932022500211,6.820000076293946,40,Contemporary,Spain,Europe,North,Present study,2018
155,Girona,41.98946,2.82265,0.7142857142857143,0.6726731646460115,0.5,8.880000019073487,28,Contemporary,Spain,Europe,North,Present study,2018
156,Barcelona,41.388647,2.188758,0.7291666666666666,0.5669872981077807,0.6772513878160487,9.760000228881836,48,Contemporary,Spain,Europe,North,Present study,2018
157,Stockholm,59.353586,18.071701,0.08333333333333333,0.18350341907227397,0.0425728922436619,-2.0799999952316286,48,Contemporary,Sweden,Europe,North,Present study,2018
158,Umea,63.831548,20.279219,0,0,0,-6.920000171661377,48,Contemporary,Sweden,Europe,North,Present study,2018
160,Stromback,63.690488,20.228425,0,0.012270403350410408,0.024695169603307088,-6.920000171661377,41,Contemporary,Sweden,Europe,North,Present study,2018
161,Lulea,65.585691,22.161351,0,0,0,-10.740000247955322,26,Contemporary,Sweden,Europe,North,Present study,2018
162,Lulea,65.605058,22.140087,0,0,0.025320565519103666,-10.740000247955322,40,Contemporary,Sweden,Europe,North,Present study,2018
111,Swiss Alps,46.202999,8.047476,0.025,0.025320565519103666,0.19377422517014498,-3.7800000429153444,40,Contemporary,Switzerland,Europe,North,Present study,2018
113,Lausanne,46.516386,6.60067,0.782608695652174,0.6388424407426925,0.6388424407426925,0.7400000005960464,23,Contemporary,Switzerland,Europe,North,Present study,2018
117,Zurich,47.218957,8.66233,0.9,0.7763932022500211,0.7763932022500211,0.5800000071525574,40,Contemporary,Switzerland,Europe,North,Present study,2018
163,Churchill,58.765895,-94.165049,0.175,0.19377422517014498,0.2583801512904337,-24.520000076293947,40,Contemporary,Canada,North America,North,Present study,2018
164,Moosonee,51.276554,-80.640277,0.48484848484848486,0.5394338135281618,0.3486610527210704,-19.32000026702881,33,Contemporary,Canada,North America,North,Present study,2018
330,Nominingue,46.3941982,-75.0285349,0.3,0.4755955759149242,0.19377422517014498,-11.94000015258789,40,Contemporary,Canada,North America,North,Present study,2018
174,Montreal,45.50285,-73.566548,0.4429223744292237,NaN,NaN,-9.940000247955322,219,Contemporary,Canada,North America,North,Santangelo et al. 2020,2016
180,Toronto,43.657004,-79.406113,0.4069767441860465,0.5055417328470361,0.40571504884053877,-4.860000085830689,1032,Contemporary,Canada,North America,North,Santangelo et al. 2020,2016
166,Atlanta,33.745312,-84.387933,0.5902777777777778,0.5496698957462396,0.4580532372028654,6.580000162124634,144,Contemporary,USA,North America,North,Santangelo et al. 2020,2016
167,Baltimore,39.292536,-76.613021,0.20444444444444446,0.4443420473270777,0.17415034675215535,0.49999997913837435,225,Contemporary,USA,North America,North,Santangelo et al. 2020,2016
168,Boston,42.357952,-71.057856,0.21875,NaN,NaN,-1.679999977350235,576,Contemporary,USA,North America,North,Santangelo et al. 2020,2016
169,Charlotte,35.228798,-80.839714,0.5263157894736842,0.49279056516229736,0.38551374222375756,5.720000219345093,247,Contemporary,USA,North America,North,Santangelo et al. 2020,2016
170,Cincinnati,39.102297,-84.510807,0.19491525423728814,NaN,NaN,-0.9600000560283661,236,Contemporary,USA,North America,North,Santangelo et al. 2020,2016
171,Cleveland,41.496299,-81.692896,0.2962962962962963,0.42851130667411574,0.21718800929302773,-3.219999998807907,297,Contemporary,USA,North America,North,Santangelo et al. 2020,2016
172,Detroit,42.330023,-83.046662,0.3,NaN,NaN,-3.6600000500679015,240,Contemporary,USA,North America,North,Santangelo et al. 2020,2016
173,Jacksonville,30.330091,-81.656734,0.948051948051948,0.9342048305040231,0.7817821097640076,13.5600004196167,231,Contemporary,USA,North America,North,Santangelo et al. 2020,2016
175,NewYork,40.717346,-74.005943,0.23300970873786409,0.37511905895907616,0.4254055950857769,-0.7400000482797623,515,Contemporary,USA,North America,North,Santangelo et al. 2020,2016
176,Norfolk,36.850358,-76.286072,0.4901185770750988,0.5448392429689969,0.3783456078600166,5.300000095367432,253,Contemporary,USA,North America,North,Santangelo et al. 2020,2016
177,Philadelphia,39.950575,-75.164953,0.1927710843373494,NaN,NaN,0.379999977350235,249,Contemporary,USA,North America,North,Santangelo et al. 2020,2016
178,Pittsburgh,40.439511,-79.995674,0.2604166666666667,NaN,NaN,-1.7799999713897705,192,Contemporary,USA,North America,North,Santangelo et al. 2020,2016
179,Tampa,27.949069,-82.456729,0.9871794871794872,NaN,NaN,17.40000057220459,156,Contemporary,USA,North America,North,Santangelo et al. 2020,2016
181,Washington D.C.,38.903988,-77.037573,0.2849002849002849,0.48434900004244597,0.21171877909150072,2.140000009536743,351,Contemporary,USA,North America,North,Santangelo et al. 2020,2016
311,"Cape Girardeau, MO",37.30902066666667,-89.56135333333333,0.24073333333333333,0.3894666666666667,0.28113333333333335,2.0200000286102293,135,Contemporary,USA,North America,North,Kooyers et al. 2012,2008â€“2009
312,CYP Low,49.33712333333333,-123.18993666666667,0.2583333333333333,0.41200000000000003,0.23466666666666666,3.860000157356262,44,Contemporary,USA,North America,North,Kooyers et al. 2012,2008â€“2009
313,"Grenada, MS",33.82602266666667,-89.84126,0.4138,0.3788,0.4676666666666667,6.000000143051148,142,Contemporary,USA,North America,North,Kooyers et al. 2012,2008â€“2009
314,"Jackson, MS",32.357189999999996,-90.20288,0.4710666666666667,0.5239333333333334,0.4294,8.440000247955322,146,Contemporary,USA,North America,North,Kooyers et al. 2012,2008â€“2009
315,"Memphis, TN",35.190318,-89.9391,0.3340666666666667,0.2945333333333333,0.45840000000000003,4.820000100135803,147,Contemporary,USA,North America,North,Kooyers et al. 2012,2008â€“2009
316,Mt. Baker Low,48.920625,-122.11015,0.3235,0.4505,0.253,3.2000000357627867,43,Contemporary,USA,North America,North,Kooyers et al. 2012,2008â€“2009
317,"New Orleans, LA",30.2235,-90.04802666666667,0.8608,0.8349333333333333,0.8224666666666667,11.660000133514405,141,Contemporary,USA,North America,North,Kooyers et al. 2012,2008â€“2009
318,SEY Low,49.309200000000004,-122.965335,0.2275,0.34199999999999997,0.159,3.1600000739097593,31,Contemporary,USA,North America,North,Kooyers et al. 2012,2008â€“2009
319,"St. Louis, MO",38.64579666666667,-90.34762333333333,0.14703333333333335,0.262,0.1685,0.6800000369548798,298,Contemporary,USA,North America,North,Kooyers et al. 2012,2008â€“2009
320,"Wausau, WI",44.927802,-89.64568666666666,0.11086666666666667,0.3102,0.12933333333333333,-10.320000171661377,136,Contemporary,USA,North America,North,Kooyers et al. 2012,2008â€“2009
326,"Fort Smith, AR",35.3923708325,-94.35569583,0.4725,0.4525,0.52,4.900000047683716,71,Contemporary,USA,North America,North,Kooyers et al. 2014,2012
327,"Little Rock, AR",34.7822041675,-92.3260249975,0.52,0.47500000000000003,0.4125,6.040000009536743,77,Contemporary,USA,North America,North,Kooyers et al. 2014,2012
328,"Memphis, TN",35.1868675,-89.9064575,0.6174999999999999,0.5125,0.605,4.820000100135803,81,Contemporary,USA,North America,North,Kooyers et al. 2014,2012
329,"Oklahoma City, OK",35.52559167,-97.4579125,0.6925,0.6625,0.57,4.860000085830689,78,Contemporary,USA,North America,North,Kooyers et al. 2014,2012
321,Christchurch,-43.511903333333336,172.63998999999998,0.618,0.5293333333333333,0.48266666666666663,7.160000038146973,45,Contemporary,New Zealand,Oceania,South,Kooyers et al. 2013,2010
322,Fairlie,-44.10201,170.81694,0.4726666666666667,0.49966666666666665,0.44466666666666665,2.8400000095367433,40,Contemporary,New Zealand,Oceania,South,Kooyers et al. 2013,2010
323,Oamaru,-45.09281,170.97512,0.297,0.441,0.31066666666666665,4.840000152587891,44,Contemporary,New Zealand,Oceania,South,Kooyers et al. 2013,2010
324,Springfield,-43.33433333333333,171.92973666666666,0.555,0.5803333333333334,0.45866666666666667,2.9600000381469727,42,Contemporary,New Zealand,Oceania,South,Kooyers et al. 2013,2010
325,Timaru,-44.390476666666665,171.24293666666665,0.4083333333333333,0.526,0.382,5.600000095367432,43,Contemporary,New Zealand,Oceania,South,Kooyers et al. 2013,2010
4,Cordoba,-31.627935,-64.70824,0.9375,0.7958758547680684,0.8556624327025936,7.420000076293945,48,Contemporary,Argentina,South America,South,Present study,2018
5,Guido Buffo crypt,-31.19221,-64.36372,0.8260869565217391,0.6388424407426925,0.7446230407723754,10.480000114440918,46,Contemporary,Argentina,South America,South,Present study,2018
6,Rio Tafi,-26.85943,-65.70818,0.8372093023255814,0.7843344535931231,0.6264563161811858,5.780000019073486,43,Contemporary,Argentina,South America,South,Present study,2018
1,El Volcan,-39.348515,-71.97026,0.7435897435897436,0.8398718461949128,0.4936303164581667,3.640000009536743,39,Contemporary,Chile,South America,South,Present study,2018
3,Santiago,-33.78529,-70.65858,0.7555555555555555,0.7891814893221081,0.5285954792089683,8.04000015258789,45,Contemporary,Chile,South America,South,Present study,2018
7,Villaricca,-39.07162,-72.44869,0.7428571428571429,0.7609542781331213,0.5527864045000421,6.44000015258789,35,Contemporary,Chile,South America,South,Present study,2018
10,Villaricca,-39.28316,-72.22197,0.9166666666666666,1,0.7113248654051871,6.44000015258789,12,Contemporary,Chile,South America,South,Present study,2018
13,Candelaria,-39.31036,-71.97913,0.8,0.683772233983162,0.5527864045000421,3.640000009536743,10,Contemporary,Chile,South America,South,Present study,2018
15,Puesco Bajo,-39.53387,-71.5561,0.7368421052631579,0.6755571577384749,0.5411685322588764,2.540000057220459,19,Contemporary,Chile,South America,South,Present study,2018
16,Rio Trancura,-39.49315,-71.54868,0.575,0.5816699867329622,0.3798263270539577,3.640000009536743,40,Contemporary,Chile,South America,South,Present study,2018
18,Palguin Bajo,-39.33632,-71.76393,0.6458333333333334,0.6772513878160487,0.5,3.640000009536743,48,Contemporary,Chile,South America,South,Present study,2018
20,Lebu,-37.60599,-73.6504,0.7083333333333334,0.6464466094067263,0.5435645354123615,8.880000114440918,48,Contemporary,Chile,South America,South,Present study,2018
21,Valparaiso,-33.052148,-71.595405,0.875,1,0.6464466094067263,9.94000015258789,48,Contemporary,Chile,South America,South,Present study,2018
23,Pucan,-39.28816,-71.97614,0.6875,0.5669872981077807,0.521286446121831,3.640000009536743,48,Contemporary,Chile,South America,South,Present study,2018
24,Talca,-35.39955,-71.62592,0.8863636363636364,0.7388835160664533,0.7867992836443896,8.120000171661378,44,Contemporary,Chile,South America,South,Present study,2018
25,Talca,-35.4026,-71.63422,0.7037037037037037,0.5285954792089683,0.6666666666666667,8.120000171661378,27,Contemporary,Chile,South America,South,Present study,2018
26,Chill‡n,-36.599056,-72.134749,0.2727272727272727,0.5735985672887791,0.14719713457755823,7.920000076293945,11,Contemporary,Chile,South America,South,Present study,2018
217,Miyazaki,31.90806,131.420672,0.108843537,0.146834625,0.1876799,5.900000095367432,147,Historical,Japan,Asia,North,Daday 1958,1958
218,Kochi,33.560235,133.529258,0.424242424,0.523268705,0.314655583,2.2800000429153444,132,Historical,Japan,Asia,North,Daday 1958,1958
219,Zentsuji,34.224005,133.784564,0.137724551,0.170167032,0.218476844,4.620000123977661,167,Historical,Japan,Asia,North,Daday 1958,1958
220,Konosu,36.077334,139.506684,0.5,0.428452393,0.422649731,2.040000021457672,150,Historical,Japan,Asia,North,Daday 1958,1958
221,Shindo-Mura,35.494841,139.378636,0.314102564,0.547089186,0.215535459,3.9600001335144044,156,Historical,Japan,Asia,North,Daday 1958,1958
222,Shimo-Kuriyagawa,39.761081,141.134079,0.191489362,0.265828976,0.280465083,-5.300000095367432,141,Historical,Japan,Asia,North,Daday 1958,1958
223,Tsukissapau,42.164008,142.807193,0.152777778,0.150163414,0.231704629,-6.280000019073486,144,Historical,Japan,Asia,North,Daday 1958,1958
182,Rupprechtshofen,48.136033,15.273435,0.078,0.065120329,0.124214638,-2.9200000286102297,103,Historical,Austria,Europe,North,Daday 1954,1954
183,Brussels,50.846911,4.351106,0.432,0.467083496,0.401668988,1.9400000885128974,81,Historical,Belgium,Europe,North,Daday 1954,1954
184,Bohemia,50.078858,14.43717,0.031,0.015622024,0.015622024,-2.4200000166893005,96,Historical,Czech Republic,Europe,North,Daday 1954,1954
185,North Jutland,57.036972,9.930653,0.091,0.121364695,0.127073886,-0.6200000137090683,197,Historical,Denmark,Europe,North,Daday 1954,1954
186,Cherbourg,49.640199,-1.624342,0.857,1,0.621846592,4.240000057220459,35,Historical,France,Europe,North,Daday 1954,1954
187,Clermont-Ferrand,45.778379,3.087651,0.828,0.666833375,0.715395011,1.1,99,Historical,France,Europe,North,Daday 1954,1954
188,Finistere,48.279078,-3.906039,0.802,0.783205166,0.611412815,5.180000114440918,106,Historical,France,Europe,North,Daday 1954,1954
189,La Rochelle,46.163105,-1.150341,0.817,1,0.572215007,5.0200001239776615,60,Historical,France,Europe,North,Daday 1954,1954
190,Paris,48.851575,2.354006,0.843,1,0.603767745,3.2600000381469725,19,Historical,France,Europe,North,Daday 1954,1954
191,St-Brieuc,48.511458,-2.765637,0.928,1,0.731671843,5.060000038146972,236,Historical,France,Europe,North,Daday 1954,1954
192,Frankfurt a/M,50.115531,8.683649,0.648,0.574559052,0.514201688,-0.6600000232458114,199,Historical,Germany,Europe,North,Daday 1954,1954
193,Giesson,50.581174,8.675482,0.175,0.5,0.148530682,-0.9200000047683716,40,Historical,Germany,Europe,North,Daday 1954,1954
194,Hanover,52.382466,9.732649,0.056,0.064051283,0.153832168,-0.02000002861022949,162,Historical,Germany,Europe,North,Daday 1954,1954
195,Hohenheim,48.711037,9.211689,0.601,0.617900537,0.443223564,-0.8400000214576722,158,Historical,Germany,Europe,North,Daday 1954,1954
196,Schessel,53.168461,9.484341,0.083,0.04239883,0.18329932,0.47999999225139617,24,Historical,Germany,Europe,North,Daday 1954,1954
197,Straubing,48.877199,12.576328,0.083,0.048159677,0.098334874,-2.5200000762939454,96,Historical,Germany,Europe,North,Daday 1954,1954
198,Budapest,47.490874,19.042481,0.015,0.011566897,0.055013228,-2.1399999648332595,131,Historical,Hungary,Europe,North,Daday 1954,1954
199,Magyarovar,47.881828,17.266067,0.012,0.018164983,0.845080666,-1.5400000095367432,83,Historical,Hungary,Europe,North,Daday 1954,1954
200,Milan,45.468443,9.184505,0.018,0.017655865,0.092255543,1.2600000143051147,171,Historical,Italy,Europe,North,Daday 1954,1954
201,San Daniele del Friuli,46.157223,13.009784,0.012,0.031495999,0.070483997,-2.400000011920929,161,Historical,Italy,Europe,North,Daday 1954,1954
343,Lucca,43.842507,10.50461,0.974,1,0.838754845,3.980000066757202,76,Historical,Italy,Europe,North,Daday 1954,1954
202,Schaanwald,47.211188,9.562071,0.287,0.393369964,0.305017986,-3.8800000667572023,87,Historical,Liechtenstein,Europe,North,Daday 1954,1954
203,Breda,51.583532,4.773546,0.275,0.315894745,0.322504613,2.1200000643730164,109,Historical,Netherlands,Europe,North,Daday 1954,1954
204,Groningen,53.216728,6.566738,0,0.092806526,0.049736879,1.1000000476837157,62,Historical,Netherlands,Europe,North,Daday 1954,1954
344,Tjotta,65.822956,12.426972,0,0.030464029,0.020204103,-2.94000004529953,50,Historical,Norway,Europe,North,Daday 1954,1954
205,Koscian,52.08131,16.640308,0.03,0.020204103,0.040833695,-2.3200000807642938,100,Historical,Poland,Europe,North,Daday 1954,1954
206,La Coruna,43.360488,-8.411772,0.955,1,0.787867966,7.300000190734863,89,Historical,Spain,Europe,North,Daday 1954,1954
207,Girona,41.977685,2.820965,0.877,1,0.649286442,6.100000190734863,73,Historical,Spain,Europe,North,Daday 1954,1954
208,Granada,37.175473,-3.598169,1,1,1,5.240000152587891,112,Historical,Spain,Europe,North,Daday 1954,1954
209,Lulea,65.583233,22.15663,0,0,0,-11.600000190734864,69,Historical,Sweden,Europe,North,Daday 1954,1954
210,Stockholm,59.32789,18.068726,0.017,0.008536435,0.008536435,-2.9200000524520875,59,Historical,Sweden,Europe,North,Daday 1954,1954
211,Lausanne,46.51852,6.631984,0.706,0.623171126,0.569883737,-1.400000011920929,184,Historical,Switzerland,Europe,North,Daday 1954,1954
212,Zurich,47.372895,8.541145,0.488,0.494035574,0.3755002,-1.5799999833106995,82,Historical,Switzerland,Europe,North,Daday 1954,1954
261,"Lenoxville, QC",45.367519,-71.856386,0.714285714,0.480537518,0.800795232,-8.68000020980835,126,Historical,Canada,North America,North,Daday 1958,1958
262,"Lenoxville, QC",45.367519,-71.856386,0.834782609,0.615518418,0.868123905,-8.68000020980835,115,Historical,Canada,North America,North,Daday 1958,1958
263,"St Anne de la Pocatire, QC",47.347271,-70.028177,0.622807018,0.461972413,0.613835777,-11.04000015258789,114,Historical,Canada,North America,North,Daday 1958,1958
264,"Grandes Bergeronnes, AB",48.243471,-69.545148,0.591666667,0.415477403,0.623613674,-13.460000228881835,120,Historical,Canada,North America,North,Daday 1958,1958
265,"Lacombe, AB",52.462605,-113.728846,0.711340206,0.557420867,0.67891935,-19.360000801086425,97,Historical,Canada,North America,North,Daday 1958,1958
266,"Lacombe, AB",52.462605,-113.728846,0.4375,0.278312164,0.618118692,-19.360000801086425,48,Historical,Canada,North America,North,Daday 1958,1958
267,"Peace River, AB",56.236096,-117.292593,0.456896552,0.458609708,0.356732479,-25.260000228881836,116,Historical,Canada,North America,North,Daday 1958,1958
268,"Peace River, AB",56.236096,-117.292593,0,0.004246304,0.136424461,-25.260000228881836,118,Historical,Canada,North America,North,Daday 1958,1958
269,"Brandon, MB",49.845027,-99.948606,0.409090909,0.325800138,0.477767032,-20.82000026702881,66,Historical,Canada,North America,North,Daday 1958,1958
270,"Brandon, MB",49.845027,-99.948606,0.464285714,0.292893219,0.811017763,-20.82000026702881,28,Historical,Canada,North America,North,Daday 1958,1958
233,"Baton Rouge, LA",30.449871,-91.186866,0.912280702,0.71902425700000006,0.867546764,14.400000190734863,114,Historical,USA,North America,North,Daday 1958,1958
234,"New Orleans, LA",29.955776,-90.066484,0.941176471,0.757464375,1,15.380000495910645,119,Historical,USA,North America,North,Daday 1958,1958
235,"San Francisco, CA",37.773189,-122.419245,0.763157895,0.613835777,0.637261875,9.480000400543213,114,Historical,USA,North America,North,Daday 1958,1958
236,"San Francisco, CA",37.773189,-122.419245,0.888888889,0.84286516,0.706027632,9.480000400543213,81,Historical,USA,North America,North,Daday 1958,1958
237,"Guerneville, CA",38.50205,-122.997453,0.568807339,0.350370607,0.746582985,6.960000038146973,109,Historical,USA,North America,North,Daday 1958,1958
238,"Rio Monte, CA",38.468291,-123.011307,1,1,1,8.680000114440919,119,Historical,USA,North America,North,Daday 1958,1958
239,"Woodburn, OR",45.143417,-122.855326,0.254545455,0.190960165,0.353330209,2.9800000905990602,55,Historical,USA,North America,North,Daday 1958,1958
240,"Albany, OR",44.632278,-123.103383,0.05,0.193774225,0.069050664,3.4000000238418577,60,Historical,USA,North America,North,Daday 1958,1958
241,"Shedd, OR",44.460836,-123.110534,0.428571429,0.309934441,0.44365136,4.080000047385693,42,Historical,USA,North America,North,Daday 1958,1958
242,"Hubbard, OR",45.182223,-122.80704,0.5,0.384542545,0.539433814,2.9800000905990602,66,Historical,USA,North America,North,Daday 1958,1958
243,"NE Oregon, OR",45.542196,-117.814071,0.327586207,0.336935016,0.286823521,-1.7200000911951066,116,Historical,USA,North America,North,Daday 1958,1958
244,"NE Oregon, OR",45.542196,-117.814071,0.45,0.275431163,0.612701665,-1.7200000911951066,40,Historical,USA,North America,North,Daday 1958,1958
245,"Union, OR",45.207428,-117.864639,0.5,0.30201756,0.66031689,-1.1400000274181366,78,Historical,USA,North America,North,Daday 1958,1958
246,"Lat. 41 14 30 Long. 81 18 0, OH",41.24165,-81.300003,0.377192982,0.487010824,0.262531594,-0.5400000065565109,114,Historical,USA,North America,North,Daday 1958,1958
247,"Lat. 41 14 30 Long. 81 28 0, OH",41.241665,-81.46667,0.169811321,0.299595804,0.142183553,-0.5400000065565109,106,Historical,USA,North America,North,Daday 1958,1958
248,"Lat. 40 55 Long. 96 10, NE",40.916651,-96.166662,0.3125,0.634037473,0.198216274,-5.780000114440918,112,Historical,USA,North America,North,Daday 1958,1958
249,"Chicago, IL",41.872042,-87.62755,0.591666667,0.543564535,0.437268566,-2.9200000286102297,120,Historical,USA,North America,North,Daday 1958,1958
250,"St Paul, MN",44.951324,-93.090837,0.061728395,0.139337034,0.097329066,-11.640000152587891,81,Historical,USA,North America,North,Daday 1958,1958
251,"St Paul, MN",44.951324,-93.090837,0.15,0.18759616,0.18759616,-11.640000152587891,100,Historical,USA,North America,North,Daday 1958,1958
252,"Mandam, ND",46.825782,-100.889445,0.324786325,0.372973371,0.339774708,-16.040000343322752,117,Historical,USA,North America,North,Daday 1958,1958
253,"Homer, AK",59.643676,-151.547541,0.508196721,0.47209042,0.441900179,-8.740000247955322,61,Historical,USA,North America,North,Daday 1958,1958
254,"Homer, AK",59.643676,-151.547541,0.192982456,0.205280586,0.262531594,-8.740000247955322,57,Historical,USA,North America,North,Daday 1958,1958
255,"Matanuska Valley, AK",62.259537,-150.172578,0.348484848,0.348661053,0.384542545,-15.660000610351563,66,Historical,USA,North America,North,Daday 1958,1958
256,"Palmer, AK",61.598715,-149.11124,0.41509434,0.327073415,0.417228483,-16.780000305175783,53,Historical,USA,North America,North,Daday 1958,1958
257,"Fairbanks, AK",64.83565,-147.715682,0.269230769,0.32063378,0.32063378,-26.320000457763673,78,Historical,USA,North America,North,Daday 1958,1958
258,"Fairbanks, AK",64.83565,-147.715682,0.049180328,0.041859725,0.385956695,-26.320000457763673,61,Historical,USA,North America,North,Daday 1958,1958
259,"Fairbanks, AK",64.83565,-147.715682,0.289473684,0.172829808,0.637261875,-26.320000457763673,38,Historical,USA,North America,North,Daday 1958,1958
260,"Fairbanks, AK",64.83565,-147.715682,0.032608696,0.021980706,0.285248599,-26.320000457763673,92,Historical,USA,North America,North,Daday 1958,1958
307,Winton,-46.145806,168.325233,0.573770492,0.372749952,0.6997269,4.880000114440918,122,Historical,New Zealand,Oceania,South,Daday 1958,1958
308,Hastings,-39.639787,176.839175,0.985507246,1,0.879614147,7.480000114440918,69,Historical,New Zealand,Oceania,South,Daday 1958,1958
309,Nelson,-41.271045,173.283942,0.830188679,0.663536708,0.663536708,5.180000114440918,53,Historical,New Zealand,Oceania,South,Daday 1958,1958
310,Palmerston North,-40.353543,175.608384,0.714285714,0.488233684,0.65496722,6.780000019073486,42,Historical,New Zealand,Oceania,South,Daday 1958,1958
274,"Monte, Prov. Buenos Aires",-35.441671,-58.807057,0.730769231,0.550641483,0.674778182,9.1,104,Historical,Argentina,South America,South,Daday 1958,1958
275,"Las Rosas, Prov. Santa Fe",-32.476147,-61.576677,0.792207792,0.639625015,0.648749913,10.260000133514405,154,Historical,Argentina,South America,South,Daday 1958,1958
276,"Esquel, Gov. of Chubut",-42.909873,-71.314254,0.438095238,0.634851628,0.296268449,0.8800000160932541,105,Historical,Argentina,South America,South,Daday 1958,1958
277,"Sarmiento, Gov. Comorodo Rivadavia",-45.586879,-69.068748,0.15,0.193774225,0.202683071,2.940000057220459,140,Historical,Argentina,South America,South,Daday 1958,1958
272,Curibita,-25.437579,-49.26795,0.243243243,1,0.130082328,13.080000305175782,111,Historical,Brazil,South America,South,Daday 1958,1958
273,Pedro Leopoldo area Minas Gerais,-19.619507,-44.041348,0.111111111,0.078867627,0.364358274,17.120000457763673,99,Historical,Brazil,South America,South,Daday 1958,1958
271,Cuzco,-13.530451,-71.966707,1,1,1,6.500000095367431,165,Historical,Peru,South America,South,Daday 1958,1958
